[
  {
    "governorate": {
      "en": "Cairo",
      "ar": "القاهرة"
    },
    "areas": [
      { "name": { "en": "Heliopolis", "ar": "هليوبوليس" } },
      { "name": { "en": "Nasr City", "ar": "مدينة نصر" } },
      { "name": { "en": "Maadi", "ar": "المعادي" } },
      { "name": { "en": "Zamalek", "ar": "الزمالك" } },
      { "name": { "en": "Garden City", "ar": "مدينة الحدائق" } },
      { "name": { "en": "Helwan", "ar": "حلوان" } },
      { "name": { "en": "New Cairo", "ar": "القاهرة الجديدة" } }
    ]
  },
  {
    "governorate": {
      "en": "Giza",
      "ar": "الجيزة"
    },
    "areas": [
      { "name": { "en": "Dokki", "ar": "الدقي" } },
      { "name": { "en": "Agouza", "ar": "العجوزة" } },
      { "name": { "en": "6th of October City", "ar": "مدينة 6 أكتوبر" } },
      { "name": { "en": "Sheikh Zayed City", "ar": "مدينة الشيخ زايد" } },
      { "name": { "en": "Imbaba", "ar": "امبابة" } },
      { "name": { "en": "Faisal", "ar": "فيصل" } },
      { "name": { "en": "Haram", "ar": "الهرم" } }
    ]
  },
  {
    "governorate": {
      "en": "Alexandria",
      "ar": "الإسكندرية"
    },
    "areas": [
      { "name": { "en": "Montaza", "ar": "المتنزه" } },
      { "name": { "en": "Raml", "ar": "الرمل" } },
      { "name": { "en": "Sidi Gaber", "ar": "سيدي جابر" } },
      { "name": { "en": "Mansheya", "ar": "المنشية" } },
      { "name": { "en": "Amreya", "ar": "العمرية" } },
      { "name": { "en": "Dekheila", "ar": "الدخيلة" } }
    ]
  },
  {
    "governorate": {
      "en": "Qalyubia",
      "ar": "القليوبية"
    },
    "areas": [
      { "name": { "en": "Banha", "ar": "بنها" } },
      { "name": { "en": "Shubra El-Kheima", "ar": "شبرا الخيمة" } },
      { "name": { "en": "Qaha", "ar": "قها" } },
      { "name": { "en": "Khanka", "ar": "الخانكة" } },
      { "name": { "en": "Shebin El-Qanater", "ar": "شبين القناطر" } },
      { "name": { "en": "Toukh", "ar": "طوخ" } }
    ]
  },
  {
    "governorate": {
      "en": "Port Said",
      "ar": "بورسعيد"
    },
    "areas": [
      { "name": { "en": "Port Fuad", "ar": "بورفؤاد" } },
      { "name": { "en": "Al Dawahy", "ar": "الدواحي" } },
      { "name": { "en": "Al Manakh", "ar": "المنخ" } },
      { "name": { "en": "Al Arab", "ar": "العرب" } },
      { "name": { "en": "Al Zohur", "ar": "الزهور" } }
    ]
  },
  {
    "governorate": {
      "en": "Suez",
      "ar": "السويس"
    },
    "areas": [
      { "name": { "en": "Arbaeen", "ar": "الأربعين" } },
      { "name": { "en": "Ain Sokhna", "ar": "عين السخنة" } },
      { "name": { "en": "Suez City", "ar": "مدينة السويس" } },
      { "name": { "en": "Al Ganayen", "ar": "الجناين" } },
      { "name": { "en": "Faisal", "ar": "فيصل" } }
    ]
  },
  {
    "governorate": {
      "en": "Dakahlia",
      "ar": "الدقهلية"
    },
    "areas": [
      { "name": { "en": "Mansoura", "ar": "المنصورة" } },
      { "name": { "en": "Mit Ghamr", "ar": "ميت غمر" } },
      { "name": { "en": "Talkha", "ar": "طلخا" } },
      { "name": { "en": "Belqas", "ar": "بلقاس" } },
      { "name": { "en": "Sherbin", "ar": "شربين" } },
      { "name": { "en": "Nabaroh", "ar": "نبروة" } }
    ]
  },
  {
    "governorate": {
      "en": "Sharqia",
      "ar": "الشرقية"
    },
    "areas": [
      { "name": { "en": "Zagazig", "ar": "الزقازيق" } },
      {
        "name": { "en": "10th of Ramadan City", "ar": "مدينة العاشر من رمضان" }
      },
      { "name": { "en": "Belbeis", "ar": "بلبيس" } },
      { "name": { "en": "Abu Hammad", "ar": "أبو حمد" } },
      { "name": { "en": "Minya Al Qamh", "ar": "منيا القمح" } }
    ]
  },
  {
    "governorate": {
      "en": "Kafr El Sheikh",
      "ar": "كفر الشيخ"
    },
    "areas": [
      { "name": { "en": "Kafr El Sheikh City", "ar": "مدينة كفر الشيخ" } },
      { "name": { "en": "Desouk", "ar": "دسوق" } },
      { "name": { "en": "Foua", "ar": "فوة" } },
      { "name": { "en": "Sidi Salem", "ar": "سيدي سالم" } },
      { "name": { "en": "Balteem", "ar": "بلطيم" } }
    ]
  },
  {
    "governorate": {
      "en": "Gharbia",
      "ar": "الغربية"
    },
    "areas": [
      { "name": { "en": "Tanta", "ar": "طنطا" } },
      { "name": { "en": "El Mahalla El Kubra", "ar": "المحلة الكبرى" } },
      { "name": { "en": "Kafr El Zayat", "ar": "كفر الزيات" } },
      { "name": { "en": "Zifta", "ar": "زفتى" } },
      { "name": { "en": "Samanoud", "ar": "سمنود" } }
    ]
  },
  {
    "governorate": {
      "en": "Monufia",
      "ar": "المنوفية"
    },
    "areas": [
      { "name": { "en": "Shebin El Kom", "ar": "شبين الكوم" } },
      { "name": { "en": "Sadat City", "ar": "مدينة السادات" } },
      { "name": { "en": "Menouf", "ar": "منوف" } },
      { "name": { "en": "Ashmoun", "ar": "أشمون" } },
      { "name": { "en": "Sers El Lyan", "ar": "سرس الليان" } }
    ]
  },
  {
    "governorate": {
      "en": "Beheira",
      "ar": "البحيرة"
    },
    "areas": [
      { "name": { "en": "Damanhour", "ar": "دمنهور" } },
      { "name": { "en": "Kafr El Dawwar", "ar": "كفر الدوار" } },
      { "name": { "en": "Rashid", "ar": "رشيد" } },
      { "name": { "en": "Edko", "ar": "إدكو" } },
      { "name": { "en": "Shubrakhit", "ar": "شبراخيت" } },
      { "name": { "en": "Abu Hummus", "ar": "أبو حمص" } }
    ]
  },
  {
    "governorate": {
      "en": "Ismailia",
      "ar": "الإسماعيلية"
    },
    "areas": [
      { "name": { "en": "Ismailia City", "ar": "مدينة الإسماعيلية" } },
      { "name": { "en": "Fayed", "ar": "فايد" } },
      { "name": { "en": "Qantara East", "ar": "قنطرة شرق" } },
      { "name": { "en": "Qantara West", "ar": "قنطرة غرب" } }
    ]
  },
  {
    "governorate": {
      "en": "Asyut",
      "ar": "أسيوط"
    },
    "areas": [
      { "name": { "en": "Asyut City", "ar": "مدينة أسيوط" } },
      { "name": { "en": "Abnub", "ar": "أبنوب" } },
      { "name": { "en": "Manfalut", "ar": "منفلوط" } },
      { "name": { "en": "Dayrout", "ar": "ديروط" } },
      { "name": { "en": "Abu Tig", "ar": "أبو تيج" } }
    ]
  },
  {
    "governorate": {
      "en": "Sohag",
      "ar": "سوهاج"
    },
    "areas": [
      { "name": { "en": "Sohag City", "ar": "مدينة سوهاج" } },
      { "name": { "en": "Girga", "ar": "جرجا" } },
      { "name": { "en": "Akhmim", "ar": "أخميم" } },
      { "name": { "en": "Tahta", "ar": "طهطا" } },
      { "name": { "en": "El Balyana", "ar": "البليانة" } }
    ]
  },
  {
    "governorate": {
      "en": "Minya",
      "ar": "المنيا"
    },
    "areas": [
      { "name": { "en": "Minya City", "ar": "مدينة المنيا" } },
      { "name": { "en": "Mallawi", "ar": "ملوي" } },
      { "name": { "en": "Beni Mazar", "ar": "بني مزار" } },
      { "name": { "en": "Maghagha", "ar": "مغاغة" } },
      { "name": { "en": "Samalut", "ar": "سمالوط" } }
    ]
  },
  {
    "governorate": {
      "en": "Beni Suef",
      "ar": "بني سويف"
    },
    "areas": [
      { "name": { "en": "Beni Suef City", "ar": "مدينة بني سويف" } },
      { "name": { "en": "Nasser", "ar": "ناصر" } },
      { "name": { "en": "Al Wasta", "ar": "الواسطى" } },
      { "name": { "en": "Fashn", "ar": "فاشن" } },
      { "name": { "en": "Somosta", "ar": "سمسطا" } }
    ]
  },
  {
    "governorate": {
      "en": "Fayoum",
      "ar": "الفيوم"
    },
    "areas": [
      { "name": { "en": "Fayoum City", "ar": "مدينة الفيوم" } },
      { "name": { "en": "Sinnuris", "ar": "سنتريس" } },
      { "name": { "en": "Itsa", "ar": "إطسا" } },
      { "name": { "en": "Tamiya", "ar": "طامية" } },
      { "name": { "en": "Yusuf Al Sediq", "ar": "يوسف الصديق" } }
    ]
  },
  {
    "governorate": {
      "en": "Luxor",
      "ar": "الأقصر"
    },
    "areas": [
      { "name": { "en": "Luxor City", "ar": "مدينة الأقصر" } },
      { "name": { "en": "Armant", "ar": "أرمنت" } },
      { "name": { "en": "Esna", "ar": "إسنا" } }
    ]
  },
  {
    "governorate": {
      "en": "Aswan",
      "ar": "أسوان"
    },
    "areas": [
      { "name": { "en": "Aswan City", "ar": "مدينة أسوان" } },
      { "name": { "en": "Edfu", "ar": "إدفو" } },
      { "name": { "en": "Kom Ombo", "ar": "كوم أمبو" } },
      { "name": { "en": "Abu Simbel", "ar": "أبو سمبل" } }
    ]
  },
  {
    "governorate": {
      "en": "Red Sea",
      "ar": "البحر الأحمر"
    },
    "areas": [
      { "name": { "en": "Hurghada", "ar": "الغردقة" } },
      { "name": { "en": "Safaga", "ar": "سفاجا" } },
      { "name": { "en": "El Qoseir", "ar": "القصير" } },
      { "name": { "en": "Marsa Alam", "ar": "مرسى علم" } },
      { "name": { "en": "Ras Ghareb", "ar": "راس غارب" } }
    ]
  },
  {
    "governorate": {
      "en": "New Valley",
      "ar": "الوادي الجديد"
    },
    "areas": [
      { "name": { "en": "Kharga", "ar": "الخارجة" } },
      { "name": { "en": "Dakhla", "ar": "الداخلة" } },
      { "name": { "en": "Farafra", "ar": "الفرافرة" } },
      { "name": { "en": "Balat", "ar": "بلات" } }
    ]
  },
  {
    "governorate": {
      "en": "Matruh",
      "ar": "مطروح"
    },
    "areas": [
      { "name": { "en": "Marsa Matruh", "ar": "مرسى مطروح" } },
      { "name": { "en": "Sidi Barrani", "ar": "سيدي براني" } },
      { "name": { "en": "El Alamein", "ar": "العلمين" } },
      { "name": { "en": "Siwa", "ar": "سيوة" } },
      { "name": { "en": "Dabaa", "ar": "الدببة" } }
    ]
  },
  {
    "governorate": {
      "en": "North Sinai",
      "ar": "شمال سيناء"
    },
    "areas": [
      { "name": { "en": "Arish", "ar": "العريش" } },
      { "name": { "en": "Sheikh Zuweid", "ar": "شيخ زويد" } },
      { "name": { "en": "Rafah", "ar": "رفح" } },
      { "name": { "en": "Bir al-Abed", "ar": "بئر العبد" } }
    ]
  },
  {
    "governorate": {
      "en": "South Sinai",
      "ar": "جنوب سيناء"
    },
    "areas": [
      { "name": { "en": "Sharm El Sheikh", "ar": "شرم الشيخ" } },
      { "name": { "en": "Dahab", "ar": "دهب" } },
      { "name": { "en": "Nuweiba", "ar": "نوبيع" } },
      { "name": { "en": "Taba", "ar": "طابا" } },
      { "name": { "en": "Ras Sidr", "ar": "راس سدر" } }
    ]
  }
]
